{
  "pools": [
    {
      "rolls": 1,
      "entries": [
        {
          "type": "minecraft:item",
          "name": "minecraft:emerald",
          "functions": [
            {
              "function": "minecraft:set_name",
              "entity": "this",
              "name": {
                "text": "10 UKポンド",
                "color": "gold",
                "bold": true
              }
            },
            {
              "function": "minecraft:set_components",
              "components": {
                "minecraft:lore": [
                  {
                    "text": "",
                    "extra": [
                      {
                        "text": "当時の法定通貨 ",
                        "color": "yellow"
                      }
                    ]
                  },
                  {
                    "text": "",
                    "extra": [
                      {
                        "text": "この時代に米ドルはまだ生まれていない",
                        "color": "green"
                      }
                    ]
                  },
                  {
                    "text": "日本円換算するとおよそ2000円",
                    "color": "aqua"
                  },
                  "",
                  "",
                  {
                    "text": "",
                    "extra": [
                      {
                        "text": "The Boston Tea Party",
                        "color": "gold"
                      }
                    ]
                  }
                ]
              }
            },
            {
              "function": "minecraft:set_custom_data",
              "tag": "{tea.uk_pound:1b}"
            },
            {
              "function": "minecraft:set_components",
              "components": {
                "minecraft:max_stack_size": 80
              }
            }
          ]
        }
      ]
    }
  ]
}