{
  "pools": [
    {
      "rolls": 1,
      "entries": [
        {
          "type": "minecraft:item",
          "name": "minecraft:armor_stand",
          "functions": [
            {
              "function": "minecraft:set_name",
              "entity": "this",
              "name": {
                "text": "タスク10荷物回収位置 ",
                "color": "green",
                "bold": true
              }
            },
            {
              "function": "minecraft:set_components",
              "components": {
                "minecraft:lore": [
                  {
                    "text": "",
                    "extra": [
                      {
                        "text": "タスク10の荷物の回収場所を設置する",
                        "color": "yellow"
                      }
                    ]
                  },
                  {
                    "text": "",
                    "extra": [
                      {
                        "text": "",
                        "color": "aqua"
                      }
                    ]
                  },
                  "",
                  "",
                  {
                    "text": "",
                    "extra": [
                      {
                        "text": "The Boston Tea Party",
                        "color": "gold"
                      }
                    ]
                  }
                ]
              }
            },
            {
              "function": "minecraft:set_custom_data",
              "tag": {
                "tea.task_id": 10,
                "tea.waste_task": true
              }
            },
            {
              "function": "minecraft:set_components",
              "components": {
                "minecraft:entity_data": {
                  "id": "minecraft:armor_stand",
                  "NoGravity": true,
                  "Invulnerable": true,
                  "CustomName": {
                    "text": "タスク10 回収位置",
                    "color": "yellow"
                  },
                  "CustomNameVisible": true,
                  "Tags": [
                    "tea.task_waste_point",
                    "tea.task10",
                    "tea.armor_stand"
                  ],
                  "attributes": [
                    {
                      "id": "minecraft:scale",
                      "base": 0.4,
                      "modifiers": []
                    }
                  ],
                  "Invisible": false
                }
              }
            }
          ]
        }
      ]
    }
  ]
}