{
  "pools": [
    {
      "rolls": 1,
      "entries": [
        {
          "type": "minecraft:item",
          "name": "minecraft:echo_shard",
          "functions": [
            {
              "function": "minecraft:set_name",
              "entity": "this",
              "name": {
                "text": "",
                "extra": [
                  {
                    "text": "マスケット銃用カートリッジ",
                    "color": "gold",
                    "bold": true,
                    "italic": true
                  }
                ]
              }
            },
            {
              "function": "minecraft:set_lore",
              "entity": "this",
              "lore": [
                "",
                {
                  "text": "",
                  "extra": [
                    {
                      "text": "マスケット銃を打つのに必要な弾",
                      "color": "aqua"
                    }
                  ]
                },
                "",
                "",
                {
                  "text": "",
                  "extra": [
                    {
                      "text": "The Boston Tea Party",
                      "color": "gold"
                    }
                  ]
                }
              ],
              "mode": "append"
            },
            {
              "function": "minecraft:set_components",
              "components": {
                "minecraft:max_stack_size": 16,
                "minecraft:custom_data": {
                  "tea.itemID": "cartridge",
                  "tea.items": true
                },
                "!minecraft:equippable": {},
                "!minecraft:attribute_modifiers": {},
                "minecraft:item_model": "minecraft:candle"
              },
              "conditions": []
            }
          ]
        }
      ]
    }
  ]
}