{
  "type": "minecraft:block",
  "pools": [
    {
      "rolls": 1,
      "bonus_rolls": 0,
      "entries": [
        {
          "type": "minecraft:alternatives",
          "children": [
            {
              "type": "minecraft:dynamic",
              "name": "minecraft:contents",
              "conditions": [
                {
                  "condition": "minecraft:match_tool",
                  "predicate": {
                    "items": "minecraft:debug_stick"
                  }
                }
              ]
            },
            {
              "type": "minecraft:item",
              "name": "minecraft:light_blue_shulker_box",
              "functions": [
                {
                  "function": "minecraft:copy_components",
                  "source": "block_entity",
                  "include": [],
                  "exclude": [],
                  "conditions": []
                },
                {
                  "function": "minecraft:set_contents",
                  "component": "minecraft:container",
                  "entries": [
                    {
                      "type": "minecraft:dynamic",
                      "name": "minecraft:contents"
                    }
                  ]
                }
              ]
            }
          ]
        }
      ]
    }
  ]
}